job title,compnay name,date,location,skills,links,requerments
,,,,,,
Senior Python Developer,FlairsTech,9 days ago,"FlairsTech Maadi, Cairo, Egypt 6 days ago",Full timeShift basedWork from homeExperienced · 3 - 6 Yrs of Exp · Computer Science · Applications · Developing · Design · Implementation · Engineering · Information Technology (IT) · Mathematics · Python · Software Development,https://wuzzuf.net/jobs/p/1jReTsTyvpCJ-Senior-Python-Developer-FlairsTech-Cairo-Egypt?o=1&l=sp&t=sj&a=python developer |search-v3|hpb,"2+ years’ experience in similar role, preferably within a marketing agency, technology/software company or professional services firm| Willing to shift regular work schedule to support clients in various time zones| Proven track record managing client and internal relationships| Strong communication skills in English in both written and spoken is required"
,,,,,,"2+ years’ experience in similar role, preferably within a marketing agency, technology/software company or professional services firm| Willing to shift regular work schedule to support clients in various time zones| Proven track record managing client and internal relationships| Strong communication skills in English in both written and spoken is required"
Senior Python Developer,Evolvice GmbH,13 days ago,"Evolvice GmbH Cairo, Egypt 6 days ago",Full timeExperienced · 4 - 7 Yrs of Exp · Django · backend · Cloud · Computer Science · Python · Software Development · ERP · Information Technology (IT) · IT/Software Development · Engineering - Telecom/Technology,https://wuzzuf.net/jobs/p/Sh7jWq45Z9td-Senior-Python-Developer-Evolvice-GmbH-Cairo-Egypt?o=2&l=sp&t=sj&a=python developer |search-v3|hpb,"2+ years’ experience in similar role, preferably within a marketing agency, technology/software company or professional services firm| Willing to shift regular work schedule to support clients in various time zones| Proven track record managing client and internal relationships| Strong communication skills in English in both written and spoken is required"
,,,,,,"2+ years’ experience in similar role, preferably within a marketing agency, technology/software company or professional services firm| Willing to shift regular work schedule to support clients in various time zones| Proven track record managing client and internal relationships| Strong communication skills in English in both written and spoken is required"
Senior Python Developer,Andela,15 days ago,"Andela Cairo, Egypt 1 day ago",Full timeFreelance projectWork from homeExperienced · 2 - 8 Yrs of Exp · Computer Science · Information Technology (IT) · Software Development · Software Engineering · Engineering · Software · Python · IT/Software Development · Engineering - Telecom/Technology,https://wuzzuf.net/jobs/p/TORY2AgkfkSh-Senior-Python-Developer-Andela-Cairo-Egypt?o=3&l=sp&t=sj&a=python developer |search-v3|hpb,"2+ years’ experience in similar role, preferably within a marketing agency, technology/software company or professional services firm| Willing to shift regular work schedule to support clients in various time zones| Proven track record managing client and internal relationships| Strong communication skills in English in both written and spoken is required"
,,,,,,"2+ years’ experience in similar role, preferably within a marketing agency, technology/software company or professional services firm| Willing to shift regular work schedule to support clients in various time zones| Proven track record managing client and internal relationships| Strong communication skills in English in both written and spoken is required"
Junior Python Developer,Confidential -,9 days ago,"Confidential - Nasr City, Cairo, Egypt 7 days ago",Full timeEntry Level · 0 - 1 Yrs of Exp · Computer Science · Software Development · Software Engineering · JavaScript · jQuery · CSS · HTML · Python · Odoo · PHP,https://wuzzuf.net/jobs/p/6dnY14bWtXiW-Junior-Python-Developer-Cairo-Egypt?o=4&l=sp&t=sj&a=python developer |search-v3|hpb,"2+ years’ experience in similar role, preferably within a marketing agency, technology/software company or professional services firm| Willing to shift regular work schedule to support clients in various time zones| Proven track record managing client and internal relationships| Strong communication skills in English in both written and spoken is required"
,,,,,,"2+ years’ experience in similar role, preferably within a marketing agency, technology/software company or professional services firm| Willing to shift regular work schedule to support clients in various time zones| Proven track record managing client and internal relationships| Strong communication skills in English in both written and spoken is required"
Full Stack Developer (Python/React) -Fluent English,Fekra Technology Solutions and Construction,9 days ago,"Fekra Technology Solutions and Construction Dokki, Giza, Egypt 9 days ago",Full timeWork from homeExperienced · 5+ Yrs of Exp · Agile · Computer Science · Development · Information Technology (IT) · Python · React · Software Development · JavaScript · Programming · REST,https://wuzzuf.net/jobs/p/siSe2DSDszBc-Full-Stack-Developer-PythonReact--Fluent-English-Fekra-Technology-Solutions-and-Construction-Giza-Egypt?o=5&l=sp&t=sj&a=python developer |search-v3|hpb,"2+ years’ experience in similar role, preferably within a marketing agency, technology/software company or professional services firm| Willing to shift regular work schedule to support clients in various time zones| Proven track record managing client and internal relationships| Strong communication skills in English in both written and spoken is required"
,,,,,,"2+ years’ experience in similar role, preferably within a marketing agency, technology/software company or professional services firm| Willing to shift regular work schedule to support clients in various time zones| Proven track record managing client and internal relationships| Strong communication skills in English in both written and spoken is required"
Python Developer,Trufla,15 days ago,"Trufla Heliopolis, Cairo, Egypt 13 days ago",Full timeExperienced · 2+ Yrs of Exp · Python · Git · Computer Science · Information Technology (IT) · Software Development · AWS · Agile · SQL · javaScript · PHP,https://wuzzuf.net/jobs/p/o1hH6mubtaOT-Python-Developer-Trufla-Cairo-Egypt?o=6&l=sp&t=sj&a=python developer |search-v3|hpb,"2+ years’ experience in similar role, preferably within a marketing agency, technology/software company or professional services firm| Willing to shift regular work schedule to support clients in various time zones| Proven track record managing client and internal relationships| Strong communication skills in English in both written and spoken is required"
,,,,,,"2+ years’ experience in similar role, preferably within a marketing agency, technology/software company or professional services firm| Willing to shift regular work schedule to support clients in various time zones| Proven track record managing client and internal relationships| Strong communication skills in English in both written and spoken is required"
Senior Python Developer - Remote,"Nile Bits, LLC",18 days ago,"Nile Bits, LLC 6th of October, Giza, Egypt 15 days ago",Full timeWork from homeExperienced · 5+ Yrs of Exp · Python · Django · javaScript · Software Development · Git · HTML5 · Unit Testing · Computer Science · Information Technology (IT) · Programming,https://wuzzuf.net/jobs/p/F7XJZfMxh2me-Senior-Python-Developer---Remote-Nile-Bits-LLC-Giza-Egypt?o=7&l=sp&t=sj&a=python developer |search-v3|hpb,"2+ years’ experience in similar role, preferably within a marketing agency, technology/software company or professional services firm| Willing to shift regular work schedule to support clients in various time zones| Proven track record managing client and internal relationships| Strong communication skills in English in both written and spoken is required"
,,,,,,"2+ years’ experience in similar role, preferably within a marketing agency, technology/software company or professional services firm| Willing to shift regular work schedule to support clients in various time zones| Proven track record managing client and internal relationships| Strong communication skills in English in both written and spoken is required"
Python Developer- Fluent English,Fekra Technology Solutions and Construction,17 days ago,"Fekra Technology Solutions and Construction Dokki, Giza, Egypt 9 days ago",Full timeWork from homeExperienced · 3 - 5 Yrs of Exp · Agile · Programming · Software Development · Python · Computer Science · Elasticsearch · Information Technology (IT) · IT/Software Development · Engineering - Telecom/Technology,https://wuzzuf.net/jobs/p/sZFCXnjuUmvf-Python-Developer--Fluent-English-Fekra-Technology-Solutions-and-Construction-Giza-Egypt?o=8&l=sp&t=sj&a=python developer |search-v3|hpb,"2+ years’ experience in similar role, preferably within a marketing agency, technology/software company or professional services firm| Willing to shift regular work schedule to support clients in various time zones| Proven track record managing client and internal relationships| Strong communication skills in English in both written and spoken is required"
,,,,,,"2+ years’ experience in similar role, preferably within a marketing agency, technology/software company or professional services firm| Willing to shift regular work schedule to support clients in various time zones| Proven track record managing client and internal relationships| Strong communication skills in English in both written and spoken is required"
Python Developer Ecommerce ERP System (Odoo) - Fluent English,Fekra Technology Solutions and Construction,26 days ago,"Fekra Technology Solutions and Construction Dokki, Giza, Egypt 9 days ago",Full timeWork from homeExperienced · 3 - 5 Yrs of Exp · Odoo · ERP · Programming · Python · Software Development · Information Technology (IT) · Computer Science · Linux · IT/Software Development · Engineering - Telecom/Technology,https://wuzzuf.net/jobs/p/IOKNSDaLYrNy-Python-Developer-Ecommerce-ERP-System-Odoo---Fluent-English-Fekra-Technology-Solutions-and-Construction-Giza-Egypt?o=9&l=sp&t=sj&a=python developer |search-v3|hpb,"2+ years’ experience in similar role, preferably within a marketing agency, technology/software company or professional services firm| Willing to shift regular work schedule to support clients in various time zones| Proven track record managing client and internal relationships| Strong communication skills in English in both written and spoken is required"
,,,,,,"2+ years’ experience in similar role, preferably within a marketing agency, technology/software company or professional services firm| Willing to shift regular work schedule to support clients in various time zones| Proven track record managing client and internal relationships| Strong communication skills in English in both written and spoken is required"
Python Developer (Odoo Framework),VA,15 days ago,"VA Salmiya, Kuwait 15 days ago",Full timeExperienced · 3 - 7 Yrs of Exp · Python · Odoo Development · Computer Science · English · Information Technology (IT) · Software Development · IT/Software Development · Engineering - Telecom/Technology,https://wuzzuf.net/jobs/p/Iet0uNlLEwyx-Python-Developer-Odoo-Framework-VA-Salmiya-Kuwait?o=10&l=sp&t=sj&a=python developer |search-v3|hpb,"2+ years’ experience in similar role, preferably within a marketing agency, technology/software company or professional services firm| Willing to shift regular work schedule to support clients in various time zones| Proven track record managing client and internal relationships| Strong communication skills in English in both written and spoken is required"
,,,,,,"2+ years’ experience in similar role, preferably within a marketing agency, technology/software company or professional services firm| Willing to shift regular work schedule to support clients in various time zones| Proven track record managing client and internal relationships| Strong communication skills in English in both written and spoken is required"
Python Developer (Odoo),2B,1 month ago,"2B Nasr City, Cairo, Egypt 18 days ago",Full timeExperienced · 2+ Yrs of Exp · Python · Odoo · Computer Science · Information Technology (IT) · CSS · Linux · jQuery · API · Odoo Modules · HTML,https://wuzzuf.net/jobs/p/qUsnfsXYd18o-Python-Developer-Odoo-2B-Cairo-Egypt?o=11&l=sp&t=sj&a=python developer |search-v3|hpb,"2+ years’ experience in similar role, preferably within a marketing agency, technology/software company or professional services firm| Willing to shift regular work schedule to support clients in various time zones| Proven track record managing client and internal relationships| Strong communication skills in English in both written and spoken is required"
,,,,,,"2+ years’ experience in similar role, preferably within a marketing agency, technology/software company or professional services firm| Willing to shift regular work schedule to support clients in various time zones| Proven track record managing client and internal relationships| Strong communication skills in English in both written and spoken is required"
Python Developer / REST API / Microservices - Ocucon Team (UK) - (Alexandria),Procrew,6 days ago,"Procrew Alexandria, Egypt 17 days ago",Full timeExperienced · 3+ Yrs of Exp · MySQL · JavaScript · Software Development · Programming Language · Git · Information Technology (IT) · Front-End Development · Full Stack Development · Back-End Development · Computer Science,https://wuzzuf.net/jobs/p/9FwMpzfLtufL-Python-Developer-REST-API-Microservices---Ocucon-Team-UK---Alexandria-Procrew-Alexandria-Egypt?o=12&l=sp&t=sj&a=python developer |search-v3|hpb,"2+ years’ experience in similar role, preferably within a marketing agency, technology/software company or professional services firm| Willing to shift regular work schedule to support clients in various time zones| Proven track record managing client and internal relationships| Strong communication skills in English in both written and spoken is required"
,,,,,,"2+ years’ experience in similar role, preferably within a marketing agency, technology/software company or professional services firm| Willing to shift regular work schedule to support clients in various time zones| Proven track record managing client and internal relationships| Strong communication skills in English in both written and spoken is required"
Senior Python Django Full Stack Developer,LINK Development,6 days ago,"LINK Development Maadi, Cairo, Egypt 26 days ago",Full timeExperienced · 2+ Yrs of Exp · Computer Science · Software Development · Python · Information Technology (IT) · javaScript · SQL · Software · Software Engineering · MySQL · HTML5,https://wuzzuf.net/jobs/p/YuLSMDJoCDJ6-Senior-Python-Django-Full-Stack-Developer-LINK-Development-Cairo-Egypt?o=13&l=sp&t=sj&a=python developer |search-v3|hpb,"2+ years’ experience in similar role, preferably within a marketing agency, technology/software company or professional services firm| Willing to shift regular work schedule to support clients in various time zones| Proven track record managing client and internal relationships| Strong communication skills in English in both written and spoken is required"
,,,,,,"2+ years’ experience in similar role, preferably within a marketing agency, technology/software company or professional services firm| Willing to shift regular work schedule to support clients in various time zones| Proven track record managing client and internal relationships| Strong communication skills in English in both written and spoken is required"
Full Stack Software Engineer ( Python - React ),JRM for Communications,1 day ago,"JRM for Communications Nasr City, Cairo, Egypt 15 days ago",Full timeExperienced · 2 - 3 Yrs of Exp · Angular · Computer Science · Full-Stack · Information Technology (IT) · Python · React · Software · Software Development · Machine Learning · JavaScript,https://wuzzuf.net/jobs/p/ITaezijn1yin-Full-Stack-Software-Engineer-Python---React-JRM-for-Communications-Cairo-Egypt?o=14&l=sp&t=sj&a=python developer |search-v3|hpb,"2+ years’ experience in similar role, preferably within a marketing agency, technology/software company or professional services firm| Willing to shift regular work schedule to support clients in various time zones| Proven track record managing client and internal relationships| Strong communication skills in English in both written and spoken is required"
,,,,,,"2+ years’ experience in similar role, preferably within a marketing agency, technology/software company or professional services firm| Willing to shift regular work schedule to support clients in various time zones| Proven track record managing client and internal relationships| Strong communication skills in English in both written and spoken is required"
Python Developer,EBE,7 days ago,"EBE Dokki, Giza, Egypt 1 month ago",Full timeExperienced · 2+ Yrs of Exp · Software Development · Python · Information Technology (IT) · Computer Science · javaScript · HTML5 · Django · CSS3 · jQuery · Flask,https://wuzzuf.net/jobs/p/vvCKO4kLOle8-Python-Developer-EBE-Giza-Egypt?o=15&l=sp&t=sj&a=python developer |search-v3|hpb,"2+ years’ experience in similar role, preferably within a marketing agency, technology/software company or professional services firm| Willing to shift regular work schedule to support clients in various time zones| Proven track record managing client and internal relationships| Strong communication skills in English in both written and spoken is required"
,,,,,,"2+ years’ experience in similar role, preferably within a marketing agency, technology/software company or professional services firm| Willing to shift regular work schedule to support clients in various time zones| Proven track record managing client and internal relationships| Strong communication skills in English in both written and spoken is required"
Backend Engineer - Python/Django,Paymob Solutions,21 days ago,"Paymob Solutions Maadi, Cairo, Egypt 21 days ago",Full timeExperienced · 2+ Yrs of Exp · Information Technology (IT) · Python · Django · AWS · Web Services · Computer Science · Software Development · REST · APIs · ReactJS,https://wuzzuf.net/jobs/p/Tcg0N6scYDEk-Backend-Engineer---PythonDjango-Paymob-Solutions-Cairo-Egypt?o=16&l=sp&t=sj&a=python developer |search-v3|hpb,"2+ years’ experience in similar role, preferably within a marketing agency, technology/software company or professional services firm| Willing to shift regular work schedule to support clients in various time zones| Proven track record managing client and internal relationships| Strong communication skills in English in both written and spoken is required"
,,,,,,"2+ years’ experience in similar role, preferably within a marketing agency, technology/software company or professional services firm| Willing to shift regular work schedule to support clients in various time zones| Proven track record managing client and internal relationships| Strong communication skills in English in both written and spoken is required"
Python Programmer,Dumiah animation studio,21 days ago,"Dumiah animation studio Maadi, Cairo, Egypt 21 days ago",Full timeExperienced · 2 - 5 Yrs of Exp · Computer Science · Information Technology (IT) · Computer Engineering · Software Development · Software Engineering · Python · Linux · UNIX · HTML · javaScript,https://wuzzuf.net/jobs/p/chjzKM9Mf4mG-Python-Programmer-Dumiah-animation-studio-Cairo-Egypt?o=17&l=sp&t=sj&a=python developer |search-v3|hpb,"2+ years’ experience in similar role, preferably within a marketing agency, technology/software company or professional services firm| Willing to shift regular work schedule to support clients in various time zones| Proven track record managing client and internal relationships| Strong communication skills in English in both written and spoken is required"
,,,,,,"2+ years’ experience in similar role, preferably within a marketing agency, technology/software company or professional services firm| Willing to shift regular work schedule to support clients in various time zones| Proven track record managing client and internal relationships| Strong communication skills in English in both written and spoken is required"
Senior Software Engineer - Python\Django,Paymob Solutions,29 days ago,"Paymob Solutions Maadi, Cairo, Egypt 29 days ago",Full timeExperienced · 2+ Yrs of Exp · Python · Computer Science · Software Engineering · Framework · Software Development · AWS · Information Technology (IT) · javaScript · Web Services · ReactJS,https://wuzzuf.net/jobs/p/PJpOR0VR3Waj-Senior-Software-Engineer---PythonDjango-Paymob-Solutions-Cairo-Egypt?o=18&l=sp&t=sj&a=python developer |search-v3|hpb,"2+ years’ experience in similar role, preferably within a marketing agency, technology/software company or professional services firm| Willing to shift regular work schedule to support clients in various time zones| Proven track record managing client and internal relationships| Strong communication skills in English in both written and spoken is required"
,,,,,,"2+ years’ experience in similar role, preferably within a marketing agency, technology/software company or professional services firm| Willing to shift regular work schedule to support clients in various time zones| Proven track record managing client and internal relationships| Strong communication skills in English in both written and spoken is required"
Mid-Senior Level Back-End Software Developer (Remote),skora tech,8 days ago,"skora tech Doha, Qatar 7 days ago",Full timeWork from homeExperienced · 2 - 5 Yrs of Exp · Python · Computer Science · MySQL · Software Development · Software Engineering · Docker · Java · AWS · Data Science · Information Technology (IT),https://wuzzuf.net/jobs/p/YRn93DcSmz8G-Mid-Senior-Level-Back-End-Software-Developer-Remote-skora-tech-Doha-Qatar?o=19&l=sp&t=sj&a=python developer |search-v3|hpb,"2+ years’ experience in similar role, preferably within a marketing agency, technology/software company or professional services firm| Willing to shift regular work schedule to support clients in various time zones| Proven track record managing client and internal relationships| Strong communication skills in English in both written and spoken is required"
,,,,,,"2+ years’ experience in similar role, preferably within a marketing agency, technology/software company or professional services firm| Willing to shift regular work schedule to support clients in various time zones| Proven track record managing client and internal relationships| Strong communication skills in English in both written and spoken is required"
Big Data Developer,Path-Solutions,7 days ago,"Path-Solutions Maadi, Cairo, Egypt 6 days ago",Full timeExperienced · 5+ Yrs of Exp · Information Technology (IT) · Computer Science · Hadoop Ecosystem · Sqoop · Flume · Oozie · Spark · Python · Scala · UNIX,https://wuzzuf.net/jobs/p/nCt4aRjEndrx-Big-Data-Developer-Path-Solutions-Cairo-Egypt?o=20&l=sp&t=sj&a=python developer |search-v3|hpb,"2+ years’ experience in similar role, preferably within a marketing agency, technology/software company or professional services firm| Willing to shift regular work schedule to support clients in various time zones| Proven track record managing client and internal relationships| Strong communication skills in English in both written and spoken is required"
,,,,,,"2+ years’ experience in similar role, preferably within a marketing agency, technology/software company or professional services firm| Willing to shift regular work schedule to support clients in various time zones| Proven track record managing client and internal relationships| Strong communication skills in English in both written and spoken is required"
Odoo Developer,Pan Marine Group,6 days ago,"Pan Marine Group Alexandria, Egypt 4 days ago",Full timeExperienced · 2 - 4 Yrs of Exp · Software · Software Engineering · Software Development · Information Technology (IT) · Computer Science · SQL · Python · javaScript · OOD · OOP,https://wuzzuf.net/jobs/p/cvVaDAHQodFk-Odoo-Developer-Pan-Marine-Group-Alexandria-Egypt?o=21&l=sp&t=sj&a=python developer |search-v3|hpb,"2+ years’ experience in similar role, preferably within a marketing agency, technology/software company or professional services firm| Willing to shift regular work schedule to support clients in various time zones| Proven track record managing client and internal relationships| Strong communication skills in English in both written and spoken is required"
,,,,,,"2+ years’ experience in similar role, preferably within a marketing agency, technology/software company or professional services firm| Willing to shift regular work schedule to support clients in various time zones| Proven track record managing client and internal relationships| Strong communication skills in English in both written and spoken is required"
Full Stack Developer,Alternative Education,4 days ago,"Alternative Education Cairo, Egypt 5 days ago",Full timeExperienced · 2 - 4 Yrs of Exp · Engineering · Development · Information Technology (IT) · React · Git · Software Development · Node.js · JavaScript · Computer Science · REST,https://wuzzuf.net/jobs/p/5c58J62BFwFA-Full-Stack-Developer-Alternative-Education-Cairo-Egypt?o=22&l=sp&t=sj&a=python developer |search-v3|hpb,"2+ years’ experience in similar role, preferably within a marketing agency, technology/software company or professional services firm| Willing to shift regular work schedule to support clients in various time zones| Proven track record managing client and internal relationships| Strong communication skills in English in both written and spoken is required"
,,,,,,"2+ years’ experience in similar role, preferably within a marketing agency, technology/software company or professional services firm| Willing to shift regular work schedule to support clients in various time zones| Proven track record managing client and internal relationships| Strong communication skills in English in both written and spoken is required"
Senior RPA Developer (.Net),SmartTech Systems,5 days ago,"SmartTech Systems Nasr City, Cairo, Egypt 5 days ago",Full timeExperienced · 3 - 5 Yrs of Exp · Angular · Node.js · Linux · Python · English · Computer Science · Development · Software Development · Programming · Communication skills,https://wuzzuf.net/jobs/p/O5vrr5q8CJ2R-Senior-RPA-Developer-Net-SmartTech-Systems-Cairo-Egypt?o=23&l=sp&t=sj&a=python developer |search-v3|hpb,"2+ years’ experience in similar role, preferably within a marketing agency, technology/software company or professional services firm| Willing to shift regular work schedule to support clients in various time zones| Proven track record managing client and internal relationships| Strong communication skills in English in both written and spoken is required"
,,,,,,"2+ years’ experience in similar role, preferably within a marketing agency, technology/software company or professional services firm| Willing to shift regular work schedule to support clients in various time zones| Proven track record managing client and internal relationships| Strong communication skills in English in both written and spoken is required"
Mid-Level Developer / REST API / Microservices - UK Team - (Alexandria),Procrew,5 days ago,"Procrew San Stefano, Alexandria, Egypt 6 days ago",Full timeExperienced · 3+ Yrs of Exp · MySQL · javaScript · Software Development · Programming · Git · Information Technology (IT) · Front-End · Full-Stack · Back-End · Computer Science,https://wuzzuf.net/jobs/p/B9Noe87tQbXD-Mid-Level-Developer-REST-API-Microservices---UK-Team---Alexandria-Procrew-Alexandria-Egypt?o=24&l=sp&t=sj&a=python developer |search-v3|hpb,"2+ years’ experience in similar role, preferably within a marketing agency, technology/software company or professional services firm| Willing to shift regular work schedule to support clients in various time zones| Proven track record managing client and internal relationships| Strong communication skills in English in both written and spoken is required"
,,,,,,"2+ years’ experience in similar role, preferably within a marketing agency, technology/software company or professional services firm| Willing to shift regular work schedule to support clients in various time zones| Proven track record managing client and internal relationships| Strong communication skills in English in both written and spoken is required"
App Developer,Recovery franchise marketing services ,6 days ago,"Recovery franchise marketing services  6th of October, Giza, Egypt 4 days ago",Full timeExperienced · 2 - 10 Yrs of Exp · Computer Science · computer · Information Technology (IT) · Programming · JavaScript · Python · Software Design · Software Development · Software · Software Engineering,https://wuzzuf.net/jobs/p/avtM2EDc8JqF-App-Developer-Recovery-franchise-marketing-services-Giza-Egypt?o=25&l=sp&t=sj&a=python developer |search-v3|hpb,"2+ years’ experience in similar role, preferably within a marketing agency, technology/software company or professional services firm| Willing to shift regular work schedule to support clients in various time zones| Proven track record managing client and internal relationships| Strong communication skills in English in both written and spoken is required"
,,,,,,"2+ years’ experience in similar role, preferably within a marketing agency, technology/software company or professional services firm| Willing to shift regular work schedule to support clients in various time zones| Proven track record managing client and internal relationships| Strong communication skills in English in both written and spoken is required"
Odoo Developer,Confidential -,4 days ago,"Confidential - Nasr City, Cairo, Egypt 7 days ago",Full timeExperienced · 2 - 5 Yrs of Exp · Python · Odoo · Software Development · Web Development · javaScript · JQuery · CSS · HTML · XML · PostgreSQL,https://wuzzuf.net/jobs/p/hCtKqkycqnZ0-Odoo-Developer-Cairo-Egypt?o=26&l=sp&t=sj&a=python developer |search-v3|hpb,"2+ years’ experience in similar role, preferably within a marketing agency, technology/software company or professional services firm| Willing to shift regular work schedule to support clients in various time zones| Proven track record managing client and internal relationships| Strong communication skills in English in both written and spoken is required"
,,,,,,"2+ years’ experience in similar role, preferably within a marketing agency, technology/software company or professional services firm| Willing to shift regular work schedule to support clients in various time zones| Proven track record managing client and internal relationships| Strong communication skills in English in both written and spoken is required"
Junior/Mid/Senior IT Infrastructure Developer,Quality unit,7 days ago,"Quality unit New Cairo, Cairo, Egypt 6 days ago",Full timeWork from homeEntry Level · 0 - 3 Yrs of Exp · PHP · Software Development · Software Engineering · Git · Github · Development · Computer Science · Programming · English · Information Technology (IT),https://wuzzuf.net/jobs/p/KlL63mcnUJLx-JuniorMidSenior-IT-Infrastructure-Developer-Quality-unit-Cairo-Egypt?o=27&l=sp&t=sj&a=python developer |search-v3|hpb,"2+ years’ experience in similar role, preferably within a marketing agency, technology/software company or professional services firm| Willing to shift regular work schedule to support clients in various time zones| Proven track record managing client and internal relationships| Strong communication skills in English in both written and spoken is required"
,,,,,,"2+ years’ experience in similar role, preferably within a marketing agency, technology/software company or professional services firm| Willing to shift regular work schedule to support clients in various time zones| Proven track record managing client and internal relationships| Strong communication skills in English in both written and spoken is required"
Mid-Senior Level Front-End Software Developer (Remote),skora tech,6 days ago,"skora tech Doha, Qatar 7 days ago",Full timeWork from homeExperienced · 2 - 5 Yrs of Exp · Software · Software Development · Android · Computer Science · Data Science · developer · Information Technology (IT) · JavaScript · Python · Visualization,https://wuzzuf.net/jobs/p/nJdH5LxZg7zh-Mid-Senior-Level-Front-End-Software-Developer-Remote-skora-tech-Doha-Qatar?o=28&l=sp&t=sj&a=python developer |search-v3|hpb,"2+ years’ experience in similar role, preferably within a marketing agency, technology/software company or professional services firm| Willing to shift regular work schedule to support clients in various time zones| Proven track record managing client and internal relationships| Strong communication skills in English in both written and spoken is required"
,,,,,,"2+ years’ experience in similar role, preferably within a marketing agency, technology/software company or professional services firm| Willing to shift regular work schedule to support clients in various time zones| Proven track record managing client and internal relationships| Strong communication skills in English in both written and spoken is required"
Full Stack Web Developer,Confidential -,7 days ago,"Confidential - New Cairo, Cairo, Egypt 6 days ago",Full timeExperienced · 5+ Yrs of Exp · Software Development · Software Engineering · Full Stack · javaScript · Information Technology (IT) · Computer Science · HTML · CSS · jQuery · Angular,https://wuzzuf.net/jobs/p/x5FzsloYojed-Full-Stack-Web-Developer-Cairo-Egypt?o=29&l=sp&t=sj&a=python developer |search-v3|hpb,"2+ years’ experience in similar role, preferably within a marketing agency, technology/software company or professional services firm| Willing to shift regular work schedule to support clients in various time zones| Proven track record managing client and internal relationships| Strong communication skills in English in both written and spoken is required"
,,,,,,"2+ years’ experience in similar role, preferably within a marketing agency, technology/software company or professional services firm| Willing to shift regular work schedule to support clients in various time zones| Proven track record managing client and internal relationships| Strong communication skills in English in both written and spoken is required"
ERPNext Developer,DIRAC SYSTEMS,6 days ago,"DIRAC SYSTEMS Heliopolis, Cairo, Egypt 8 days ago",Full timeExperienced · 3 - 10 Yrs of Exp · ERP · Computer Science · Engineering · Python · JavaScript · Jinja · CSS · HTML · IT/Software Development · Engineering - Telecom/Technology,https://wuzzuf.net/jobs/p/1kR5rvxnlrBI-ERPNext-Developer-DIRAC-SYSTEMS-Cairo-Egypt?o=30&l=sp&t=sj&a=python developer |search-v3|hpb,"2+ years’ experience in similar role, preferably within a marketing agency, technology/software company or professional services firm| Willing to shift regular work schedule to support clients in various time zones| Proven track record managing client and internal relationships| Strong communication skills in English in both written and spoken is required"
,,,,,,"2+ years’ experience in similar role, preferably within a marketing agency, technology/software company or professional services firm| Willing to shift regular work schedule to support clients in various time zones| Proven track record managing client and internal relationships| Strong communication skills in English in both written and spoken is required"
ETL Developer,Dataplus,11 days ago,"Dataplus Cairo, Egypt 3 days ago",Full timeExperienced · 3 - 5 Yrs of Exp · ETL · SQL · Python · Informatica · SSIS · Talend · IBM DataStage · Information Technology (IT) · Computer Science · IT/Software Development,https://wuzzuf.net/jobs/p/Hfu4ibKWHCv4-ETL-Developer-Dataplus-Cairo-Egypt?o=31&l=sp&t=sj&a=python developer |search-v3|hpb,"2+ years’ experience in similar role, preferably within a marketing agency, technology/software company or professional services firm| Willing to shift regular work schedule to support clients in various time zones| Proven track record managing client and internal relationships| Strong communication skills in English in both written and spoken is required"
,,,,,,"2+ years’ experience in similar role, preferably within a marketing agency, technology/software company or professional services firm| Willing to shift regular work schedule to support clients in various time zones| Proven track record managing client and internal relationships| Strong communication skills in English in both written and spoken is required"
Senior Odoo Developer,Confidential -,8 days ago,"Confidential - Dokki, Giza, Egypt 5 hours ago",Full timeExperienced · 2 - 5 Yrs of Exp · Computer Science · Information Technology (IT) · Python · Odoo · Software Development · XML · API · Programming · Software · Computer Engineering,https://wuzzuf.net/jobs/p/ThcjKHeQtKNx-Senior-Odoo-Developer-Giza-Egypt?o=32&l=sp&t=sj&a=python developer |search-v3|hpb,"2+ years’ experience in similar role, preferably within a marketing agency, technology/software company or professional services firm| Willing to shift regular work schedule to support clients in various time zones| Proven track record managing client and internal relationships| Strong communication skills in English in both written and spoken is required"
,,,,,,"2+ years’ experience in similar role, preferably within a marketing agency, technology/software company or professional services firm| Willing to shift regular work schedule to support clients in various time zones| Proven track record managing client and internal relationships| Strong communication skills in English in both written and spoken is required"
NodeJS Backend Developer,Rytalo,12 days ago,"Rytalo Obour City, Cairo, Egypt 11 days ago",Full timeWork from homeExperienced · 3+ Yrs of Exp · Engineering · Computer Science · Information Technology (IT) · Software Development · Microservices · NoSQL · Nodejs · javaScript · MySQL · Agile,https://wuzzuf.net/jobs/p/tLRZxOYmdFOQ-NodeJS-Backend-Developer-Rytalo-Cairo-Egypt?o=33&l=sp&t=sj&a=python developer |search-v3|hpb,"2+ years’ experience in similar role, preferably within a marketing agency, technology/software company or professional services firm| Willing to shift regular work schedule to support clients in various time zones| Proven track record managing client and internal relationships| Strong communication skills in English in both written and spoken is required"
,,,,,,"2+ years’ experience in similar role, preferably within a marketing agency, technology/software company or professional services firm| Willing to shift regular work schedule to support clients in various time zones| Proven track record managing client and internal relationships| Strong communication skills in English in both written and spoken is required"
Senior Front End Developer - React,Trufla,13 days ago,"Trufla Heliopolis, Cairo, Egypt 8 days ago",Full timeExperienced · 3+ Yrs of Exp · JavaScript · Front-End · Software Development · Web Development · Computer Science · JQuery · Angular · HTML · CSS · Python,https://wuzzuf.net/jobs/p/rgivbz01Maq6-Senior-Front-End-Developer---React-Trufla-Cairo-Egypt?o=34&l=sp&t=sj&a=python developer |search-v3|hpb,"2+ years’ experience in similar role, preferably within a marketing agency, technology/software company or professional services firm| Willing to shift regular work schedule to support clients in various time zones| Proven track record managing client and internal relationships| Strong communication skills in English in both written and spoken is required"
,,,,,,"2+ years’ experience in similar role, preferably within a marketing agency, technology/software company or professional services firm| Willing to shift regular work schedule to support clients in various time zones| Proven track record managing client and internal relationships| Strong communication skills in English in both written and spoken is required"
Senior Java Developer / Software Engineer,Egybell,13 days ago,"Egybell Nasr City, Cairo, Egypt 12 days ago",Full timeExperienced · 3 - 5 Yrs of Exp · AWS · React · ORM · Python · Java · SQL · Software Engineering · Software Development · Computer Science · English,https://wuzzuf.net/jobs/p/oFZ2ByXCSF4M-Senior-Java-Developer-Software-Engineer-Egybell-Cairo-Egypt?o=35&l=sp&t=sj&a=python developer |search-v3|hpb,"2+ years’ experience in similar role, preferably within a marketing agency, technology/software company or professional services firm| Willing to shift regular work schedule to support clients in various time zones| Proven track record managing client and internal relationships| Strong communication skills in English in both written and spoken is required"
,,,,,,"2+ years’ experience in similar role, preferably within a marketing agency, technology/software company or professional services firm| Willing to shift regular work schedule to support clients in various time zones| Proven track record managing client and internal relationships| Strong communication skills in English in both written and spoken is required"
Senior Backend Developer Node JS,StatsBomb,18 days ago,"StatsBomb Nasr City, Cairo, Egypt 13 days ago",Full timeExperienced · 3 - 5 Yrs of Exp · Computer Science · Information Technology (IT) · Agile · Software · Node.js · Python · SQL · Github · Docker · AWS,https://wuzzuf.net/jobs/p/cPzC9p6msnu9-Senior-Backend-Developer-Node-JS-StatsBomb-Cairo-Egypt?o=36&l=sp&t=sj&a=python developer |search-v3|hpb,"2+ years’ experience in similar role, preferably within a marketing agency, technology/software company or professional services firm| Willing to shift regular work schedule to support clients in various time zones| Proven track record managing client and internal relationships| Strong communication skills in English in both written and spoken is required"
,,,,,,"2+ years’ experience in similar role, preferably within a marketing agency, technology/software company or professional services firm| Willing to shift regular work schedule to support clients in various time zones| Proven track record managing client and internal relationships| Strong communication skills in English in both written and spoken is required"
Devops Engineer - Software Development,Rasan,18 days ago,"Rasan Nasr City, Cairo, Egypt 13 days ago",Full timeExperienced · 2 - 6 Yrs of Exp · Agile · AWS · Computer Science · DevOps · Docker · Engineering · Information Technology (IT) · Java · Python · Software Development,https://wuzzuf.net/jobs/p/GDO6Yai9Cs4C-Devops-Engineer---Software-Development-Rasan-Cairo-Egypt?o=37&l=sp&t=sj&a=python developer |search-v3|hpb,"2+ years’ experience in similar role, preferably within a marketing agency, technology/software company or professional services firm| Willing to shift regular work schedule to support clients in various time zones| Proven track record managing client and internal relationships| Strong communication skills in English in both written and spoken is required"
,,,,,,"2+ years’ experience in similar role, preferably within a marketing agency, technology/software company or professional services firm| Willing to shift regular work schedule to support clients in various time zones| Proven track record managing client and internal relationships| Strong communication skills in English in both written and spoken is required"
Odoo Developer,Confidential -,1 month ago,"Confidential - Heliopolis, Cairo, Egypt 18 days ago",Full timeExperienced · 3 - 5 Yrs of Exp · Computer Science · Python · Programming · Development · Information Technology (IT) · Odoo · Git · HTML · JavaScript · jQuery,https://wuzzuf.net/jobs/p/AROPLV3pkzSN-Odoo-Developer-Cairo-Egypt?o=38&l=sp&t=sj&a=python developer |search-v3|hpb,"2+ years’ experience in similar role, preferably within a marketing agency, technology/software company or professional services firm| Willing to shift regular work schedule to support clients in various time zones| Proven track record managing client and internal relationships| Strong communication skills in English in both written and spoken is required"
,,,,,,"2+ years’ experience in similar role, preferably within a marketing agency, technology/software company or professional services firm| Willing to shift regular work schedule to support clients in various time zones| Proven track record managing client and internal relationships| Strong communication skills in English in both written and spoken is required"
Senior Backend Developer,Digified,20 days ago,"Digified Maadi, Cairo, Egypt 18 days ago",Full timeExperienced · 4 - 6 Yrs of Exp · Backend developer · Python · JavaScript · Computer Science · Software · Git · Docker · Kubernetes · Linux · Django,https://wuzzuf.net/jobs/p/KpZSdA2oQips-Senior-Backend-Developer-Digified-Cairo-Egypt?o=39&l=sp&t=sj&a=python developer |search-v3|hpb,"2+ years’ experience in similar role, preferably within a marketing agency, technology/software company or professional services firm| Willing to shift regular work schedule to support clients in various time zones| Proven track record managing client and internal relationships| Strong communication skills in English in both written and spoken is required"
,,,,,,"2+ years’ experience in similar role, preferably within a marketing agency, technology/software company or professional services firm| Willing to shift regular work schedule to support clients in various time zones| Proven track record managing client and internal relationships| Strong communication skills in English in both written and spoken is required"
Senior Python Developer,ExaServe LLC,24 days ago,"ExaServe LLC Nozha, Cairo, Egypt 1 month ago",Full timeExperienced · 3 - 5 Yrs of Exp · AWS · Computer Science · Docker · Git · OOP · Python · Software Development · Software Engineering · Information Technology (IT) · SQL,https://wuzzuf.net/jobs/p/vSgUo8dOv6bY-Senior-Python-Developer-ExaServe-LLC-Cairo-Egypt?o=40&l=sp&t=sj&a=python developer |search-v3|hpb,"2+ years’ experience in similar role, preferably within a marketing agency, technology/software company or professional services firm| Willing to shift regular work schedule to support clients in various time zones| Proven track record managing client and internal relationships| Strong communication skills in English in both written and spoken is required"
,,,,,,"2+ years’ experience in similar role, preferably within a marketing agency, technology/software company or professional services firm| Willing to shift regular work schedule to support clients in various time zones| Proven track record managing client and internal relationships| Strong communication skills in English in both written and spoken is required"
Odoo Developer,ExtraMile EGY ,22 days ago,"ExtraMile EGY  Nasr City, Cairo, Egypt 20 days ago",Full timeEntry Level · 1+ Yrs of Exp · Odoo · Odoo Development · Odoo ERP · JavaScript · Python · Git · HTML · Linux · Computer Science · Information Technology (IT),https://wuzzuf.net/jobs/p/65F4tqFMFax7-Odoo-Developer-ExtraMile-EGY-Cairo-Egypt?o=41&l=sp&t=sj&a=python developer |search-v3|hpb,"2+ years’ experience in similar role, preferably within a marketing agency, technology/software company or professional services firm| Willing to shift regular work schedule to support clients in various time zones| Proven track record managing client and internal relationships| Strong communication skills in English in both written and spoken is required"
,,,,,,"2+ years’ experience in similar role, preferably within a marketing agency, technology/software company or professional services firm| Willing to shift regular work schedule to support clients in various time zones| Proven track record managing client and internal relationships| Strong communication skills in English in both written and spoken is required"
Django Web Developer,Confidential -,26 days ago,"Confidential - Sydney, Australia 24 days ago",Full timeWork from homeExperienced · 2 - 4 Yrs of Exp · Django · Django Framework · React · React.js · React js · Git · AWS · EC2 · Amazon EC2 · Python,https://wuzzuf.net/jobs/p/gp26agMajhNH-Django-Web-Developer-Sydney-Australia?o=42&l=sp&t=sj&a=python developer |search-v3|hpb,"2+ years’ experience in similar role, preferably within a marketing agency, technology/software company or professional services firm| Willing to shift regular work schedule to support clients in various time zones| Proven track record managing client and internal relationships| Strong communication skills in English in both written and spoken is required"
,,,,,,"2+ years’ experience in similar role, preferably within a marketing agency, technology/software company or professional services firm| Willing to shift regular work schedule to support clients in various time zones| Proven track record managing client and internal relationships| Strong communication skills in English in both written and spoken is required"
Senior Software Developer,GET Group- Egypt,27 days ago,"GET Group- Egypt Sheraton, Cairo, Egypt 22 days ago",Full timeExperienced · 4 - 7 Yrs of Exp · Information Technology (IT) · Computer Science · Computer Engineering · Software Development · Software Engineering · C# · WCF · WPF · MVC · C++,https://wuzzuf.net/jobs/p/isapAqBIAwwl-Senior-Software-Developer-GET-Group--Egypt-Cairo-Egypt?o=43&l=sp&t=sj&a=python developer |search-v3|hpb,"2+ years’ experience in similar role, preferably within a marketing agency, technology/software company or professional services firm| Willing to shift regular work schedule to support clients in various time zones| Proven track record managing client and internal relationships| Strong communication skills in English in both written and spoken is required"
,,,,,,"2+ years’ experience in similar role, preferably within a marketing agency, technology/software company or professional services firm| Willing to shift regular work schedule to support clients in various time zones| Proven track record managing client and internal relationships| Strong communication skills in English in both written and spoken is required"
Senior iOS Developer,Ibtikar,3 days ago,"Ibtikar Cairo, Egypt 26 days ago",Full timeWork from homeExperienced · 2 - 6 Yrs of Exp · React · SDK · Software Development · Testing · Android · Apple · Computer Science · Development · flutter · Information Technology (IT),https://wuzzuf.net/jobs/p/A9uXvHAIJab0-Senior-iOS-Developer-Ibtikar-Cairo-Egypt?o=44&l=sp&t=sj&a=python developer |search-v3|hpb,"2+ years’ experience in similar role, preferably within a marketing agency, technology/software company or professional services firm| Willing to shift regular work schedule to support clients in various time zones| Proven track record managing client and internal relationships| Strong communication skills in English in both written and spoken is required"
,,,,,,"2+ years’ experience in similar role, preferably within a marketing agency, technology/software company or professional services firm| Willing to shift regular work schedule to support clients in various time zones| Proven track record managing client and internal relationships| Strong communication skills in English in both written and spoken is required"
Odoo Developer,Egyptian Cultural Center,5 hours ago,"Egyptian Cultural Center Nasr City, Cairo, Egypt 27 days ago",Full timeExperienced · 2 - 3 Yrs of Exp · Computer Science · CSS · Engineering · Git · HTML · Information Technology (IT) · JavaScript · jQuery · Odoo · PostgreSQL,https://wuzzuf.net/jobs/p/4VAV0jbNoBc5-Odoo-Developer-Egyptian-Cultural-Center-Cairo-Egypt?o=45&l=sp&t=sj&a=python developer |search-v3|hpb,"2+ years’ experience in similar role, preferably within a marketing agency, technology/software company or professional services firm| Willing to shift regular work schedule to support clients in various time zones| Proven track record managing client and internal relationships| Strong communication skills in English in both written and spoken is required"
,,,,,,"2+ years’ experience in similar role, preferably within a marketing agency, technology/software company or professional services firm| Willing to shift regular work schedule to support clients in various time zones| Proven track record managing client and internal relationships| Strong communication skills in English in both written and spoken is required"
Ruby on Rails Developer,nformacy,27 days ago,"nformacy Cairo, Egypt 27 days ago",Full timeWork from homeExperienced · 3+ Yrs of Exp · Ruby · Ruby on Rails · Database · React · Software Development · Computer Science · Information Technology (IT) · Python · Design · IT/Software Development,https://wuzzuf.net/jobs/p/FX5bmEVG5DPP-Ruby-on-Rails-Developer-nformacy-Cairo-Egypt?o=46&l=sp&t=sj&a=python developer |search-v3|hpb,"2+ years’ experience in similar role, preferably within a marketing agency, technology/software company or professional services firm| Willing to shift regular work schedule to support clients in various time zones| Proven track record managing client and internal relationships| Strong communication skills in English in both written and spoken is required"
,,,,,,"2+ years’ experience in similar role, preferably within a marketing agency, technology/software company or professional services firm| Willing to shift regular work schedule to support clients in various time zones| Proven track record managing client and internal relationships| Strong communication skills in English in both written and spoken is required"
Software Engineer - Backend Development (Python Django),Synapse Analytics,1 month ago,"Synapse Analytics Heliopolis, Cairo, Egypt 1 month ago",Full timeEntry Level · Docker · Git · Application Security · TLS · SSL · HTTPS · SQL · DevOps · TCP · IP,https://wuzzuf.net/jobs/p/D4VPAQTuFGuE-Software-Engineer---Backend-Development-Python-Django-Synapse-Analytics-Cairo-Egypt?o=47&l=sp&t=sj&a=python developer |search-v3|hpb,"2+ years’ experience in similar role, preferably within a marketing agency, technology/software company or professional services firm| Willing to shift regular work schedule to support clients in various time zones| Proven track record managing client and internal relationships| Strong communication skills in English in both written and spoken is required"
,,,,,,"2+ years’ experience in similar role, preferably within a marketing agency, technology/software company or professional services firm| Willing to shift regular work schedule to support clients in various time zones| Proven track record managing client and internal relationships| Strong communication skills in English in both written and spoken is required"
Technical Team Lead,Div Systems,1 month ago,"Div Systems Mokattam, Cairo, Egypt 2 hours ago","Full timeExperienced · 4 - 8 Yrs of Exp · Python Development Lead · Software Engineer, Python · Lead Python Engineer · Django Python Web Application Team Lead · Lead Software Development Engineer / Mentor · Python Developer · Engineering · Software Development · Python · Django Rest framework-",https://wuzzuf.net/jobs/p/hZjKzuel0z10-Technical-Team-Lead-Div-Systems-Cairo-Egypt?o=48&l=sp&t=sj&a=python developer |search-v3|hpb,"2+ years’ experience in similar role, preferably within a marketing agency, technology/software company or professional services firm| Willing to shift regular work schedule to support clients in various time zones| Proven track record managing client and internal relationships| Strong communication skills in English in both written and spoken is required"
,,,,,,"2+ years’ experience in similar role, preferably within a marketing agency, technology/software company or professional services firm| Willing to shift regular work schedule to support clients in various time zones| Proven track record managing client and internal relationships| Strong communication skills in English in both written and spoken is required"
DevOps Engineer,almentor,1 month ago,"almentor Maadi, Cairo, Egypt 7 hours ago",Full timeExperienced · 2 - 4 Yrs of Exp · Computer Engineering · DevOps · Information Technology (IT) · Software Development · Python · Devops Engineer · Linux · Computer Science · IT/Software Development · Engineering - Telecom/Technology,https://wuzzuf.net/jobs/p/eevDs1EkkFtn-DevOps-Engineer-almentor-Cairo-Egypt?o=49&l=sp&t=sj&a=python developer |search-v3|hpb,"2+ years’ experience in similar role, preferably within a marketing agency, technology/software company or professional services firm| Willing to shift regular work schedule to support clients in various time zones| Proven track record managing client and internal relationships| Strong communication skills in English in both written and spoken is required"
,,,,,,"2+ years’ experience in similar role, preferably within a marketing agency, technology/software company or professional services firm| Willing to shift regular work schedule to support clients in various time zones| Proven track record managing client and internal relationships| Strong communication skills in English in both written and spoken is required"
Backend Developer,mtor,2 hours ago,"mtor Maadi, Cairo, Egypt 1 month ago",Full timeExperienced · 3 - 5 Yrs of Exp · Software Development · Software Engineering · Information Technology (IT) · Computer Science · JavaScript · Java · Python · Programming · PHP · Ruby,https://wuzzuf.net/jobs/p/tTNQ5eaxpMXt-Backend-Developer-mtor-Cairo-Egypt?o=50&l=sp&t=sj&a=python developer |search-v3|hpb,"2+ years’ experience in similar role, preferably within a marketing agency, technology/software company or professional services firm| Willing to shift regular work schedule to support clients in various time zones| Proven track record managing client and internal relationships| Strong communication skills in English in both written and spoken is required"
,,,,,,"2+ years’ experience in similar role, preferably within a marketing agency, technology/software company or professional services firm| Willing to shift regular work schedule to support clients in various time zones| Proven track record managing client and internal relationships| Strong communication skills in English in both written and spoken is required"
Senior Software Engineer,dKilo,7 hours ago,"dKilo Sheraton, Cairo, Egypt 6 days ago",Full timeExperienced · 3+ Yrs of Exp · back-end · PHP · Laravel · Software Engineering · Laravel Framework · Framework · developer · Software Development · Information Technology (IT) · Computer Science,https://wuzzuf.net/jobs/p/8UwNqvJtTjTb-Senior-Software-Engineer-dKilo-Cairo-Egypt?o=51&l=sp&t=sj&a=python developer |search-v3|hpb,"2+ years’ experience in similar role, preferably within a marketing agency, technology/software company or professional services firm| Willing to shift regular work schedule to support clients in various time zones| Proven track record managing client and internal relationships| Strong communication skills in English in both written and spoken is required"
,,,,,,"2+ years’ experience in similar role, preferably within a marketing agency, technology/software company or professional services firm| Willing to shift regular work schedule to support clients in various time zones| Proven track record managing client and internal relationships| Strong communication skills in English in both written and spoken is required"
Senior DevOps Engineer,EgyProTech,6 days ago,"EgyProTech Maadi, Cairo, Egypt 4 hours ago",Full timeExperienced · 2+ Yrs of Exp · DevOps · Docker · Linux · Engineering · Computer Science · Cloud Computing · Ansible · CI/CD · Kubernetes · Maven,https://wuzzuf.net/jobs/p/hkIJffDOOjqZ-Senior-DevOps-Engineer-EgyProTech-Cairo-Egypt?o=52&l=sp&t=sj&a=python developer |search-v3|hpb,"2+ years’ experience in similar role, preferably within a marketing agency, technology/software company or professional services firm| Willing to shift regular work schedule to support clients in various time zones| Proven track record managing client and internal relationships| Strong communication skills in English in both written and spoken is required"
,,,,,,"2+ years’ experience in similar role, preferably within a marketing agency, technology/software company or professional services firm| Willing to shift regular work schedule to support clients in various time zones| Proven track record managing client and internal relationships| Strong communication skills in English in both written and spoken is required"
Senior Front-End Developer - Alexandria,Caduceus Lane,4 hours ago,"Caduceus Lane Alexandria, Egypt 1 month ago",Full timeManager · 5+ Yrs of Exp · Java · C++ · C# · HTML · CSS · Python · Information Technology (IT) · Adobe Illustrator · Adobe Indesign · Web Design,https://wuzzuf.net/jobs/p/tEQzDxqDzZKC-Senior-Front-End-Developer---Alexandria-Caduceus-Lane-Alexandria-Egypt?o=53&l=sp&t=sj&a=python developer |search-v3|hpb,"2+ years’ experience in similar role, preferably within a marketing agency, technology/software company or professional services firm| Willing to shift regular work schedule to support clients in various time zones| Proven track record managing client and internal relationships| Strong communication skills in English in both written and spoken is required"
,,,,,,"2+ years’ experience in similar role, preferably within a marketing agency, technology/software company or professional services firm| Willing to shift regular work schedule to support clients in various time zones| Proven track record managing client and internal relationships| Strong communication skills in English in both written and spoken is required"
Senior Devops Engineer,Andela,1 day ago,"Andela Cairo, Egypt 1 day ago",Full timeFreelance projectWork from homeExperienced · 2 - 8 Yrs of Exp · Computer Science · Information Technology (IT) · Software Development · Software Engineering · Engineering · Software · Development · Agile · DevOps · Docker,https://wuzzuf.net/jobs/p/xfOnLTU0h4lu-Senior-Devops-Engineer-Andela-Cairo-Egypt?o=54&l=sp&t=sj&a=python developer |search-v3|hpb,"2+ years’ experience in similar role, preferably within a marketing agency, technology/software company or professional services firm| Willing to shift regular work schedule to support clients in various time zones| Proven track record managing client and internal relationships| Strong communication skills in English in both written and spoken is required"
,,,,,,"2+ years’ experience in similar role, preferably within a marketing agency, technology/software company or professional services firm| Willing to shift regular work schedule to support clients in various time zones| Proven track record managing client and internal relationships| Strong communication skills in English in both written and spoken is required"
DevOps Engineer,Beshara,7 days ago,"Beshara Nasr City, Cairo, Egypt 7 days ago",Full timeExperienced · 3+ Yrs of Exp · Information Technology (IT) · DevOps · Software Development · Computer Engineering · Computer Science · Python · Java · Git · javaScript · PHP,https://wuzzuf.net/jobs/p/f88xe4lns33z-DevOps-Engineer-Beshara-Cairo-Egypt?o=55&l=sp&t=sj&a=python developer |search-v3|hpb,"2+ years’ experience in similar role, preferably within a marketing agency, technology/software company or professional services firm| Willing to shift regular work schedule to support clients in various time zones| Proven track record managing client and internal relationships| Strong communication skills in English in both written and spoken is required"
,,,,,,"2+ years’ experience in similar role, preferably within a marketing agency, technology/software company or professional services firm| Willing to shift regular work schedule to support clients in various time zones| Proven track record managing client and internal relationships| Strong communication skills in English in both written and spoken is required"
DevOps Engineer,Confidential -,7 days ago,"Confidential - Cairo, Egypt 7 days ago",Full timeExperienced · 2 - 9 Yrs of Exp · Git · Python · Ruby · Scripting · SQL · DevOps · Software Development · Software · Computer Science · Information Technology (IT),https://wuzzuf.net/jobs/p/R25kqJhIDXTV-DevOps-Engineer-Cairo-Egypt?o=56&l=sp&t=sj&a=python developer |search-v3|hpb,"2+ years’ experience in similar role, preferably within a marketing agency, technology/software company or professional services firm| Willing to shift regular work schedule to support clients in various time zones| Proven track record managing client and internal relationships| Strong communication skills in English in both written and spoken is required"
,,,,,,"2+ years’ experience in similar role, preferably within a marketing agency, technology/software company or professional services firm| Willing to shift regular work schedule to support clients in various time zones| Proven track record managing client and internal relationships| Strong communication skills in English in both written and spoken is required"
Devops Engineer,Confidential -,6 days ago,"Confidential - New Cairo, Cairo, Egypt 6 days ago",Full timeExperienced · 5+ Yrs of Exp · DevOps · Computer Science · Software Development · Docker · Kubernetes · Information Technology (IT) · Software Engineering · SQL · Git · Linux,https://wuzzuf.net/jobs/p/khDzgCov60Yl-Devops-Engineer-Cairo-Egypt?o=57&l=sp&t=sj&a=python developer |search-v3|hpb,"2+ years’ experience in similar role, preferably within a marketing agency, technology/software company or professional services firm| Willing to shift regular work schedule to support clients in various time zones| Proven track record managing client and internal relationships| Strong communication skills in English in both written and spoken is required"
,,,,,,"2+ years’ experience in similar role, preferably within a marketing agency, technology/software company or professional services firm| Willing to shift regular work schedule to support clients in various time zones| Proven track record managing client and internal relationships| Strong communication skills in English in both written and spoken is required"
IoT Solutions Engineer,Interact Technology Solutions,6 days ago,"Interact Technology Solutions Maadi, Cairo, Egypt 6 days ago",Full timeExperienced · 5+ Yrs of Exp · Microsoft Office · OOP concept · C# · ASP.NET · JavaScript · SQL · Microsoft CRM · SharePoint · MVC · Knockout,https://wuzzuf.net/jobs/p/FzYzuYrBDOSF-IoT-Solutions-Engineer-Interact-Technology-Solutions-Cairo-Egypt?o=58&l=sp&t=sj&a=python developer |search-v3|hpb,"2+ years’ experience in similar role, preferably within a marketing agency, technology/software company or professional services firm| Willing to shift regular work schedule to support clients in various time zones| Proven track record managing client and internal relationships| Strong communication skills in English in both written and spoken is required"
,,,,,,"2+ years’ experience in similar role, preferably within a marketing agency, technology/software company or professional services firm| Willing to shift regular work schedule to support clients in various time zones| Proven track record managing client and internal relationships| Strong communication skills in English in both written and spoken is required"
Computer Vision Engineer,Confidential -,6 days ago,"Confidential - Cairo, Egypt 6 days ago",Full timePart timeWork from homeEntry Level · 1+ Yrs of Exp · Engineering · Computer Science · Information Technology (IT) · Java · OOP · Python · Software · Software Development · Linux · AWS,https://wuzzuf.net/jobs/p/YP0Oby185A1t-Computer-Vision-Engineer-Cairo-Egypt?o=59&l=sp&t=sj&a=python developer |search-v3|hpb,"2+ years’ experience in similar role, preferably within a marketing agency, technology/software company or professional services firm| Willing to shift regular work schedule to support clients in various time zones| Proven track record managing client and internal relationships| Strong communication skills in English in both written and spoken is required"
,,,,,,"2+ years’ experience in similar role, preferably within a marketing agency, technology/software company or professional services firm| Willing to shift regular work schedule to support clients in various time zones| Proven track record managing client and internal relationships| Strong communication skills in English in both written and spoken is required"
Full Stack Software Engineer,TensorGraph,6 days ago,"TensorGraph Maadi, Cairo, Egypt 6 days ago",Full timeEntry Level · 1 - 3 Yrs of Exp · Angular · Design · JavaScript · Programming · Node.js · Software Engineering · Information Technology (IT) · Computer Science · Java · Git,https://wuzzuf.net/jobs/p/EDzXH16yKxWD-Full-Stack-Software-Engineer-TensorGraph-Cairo-Egypt?o=60&l=sp&t=sj&a=python developer |search-v3|hpb,"2+ years’ experience in similar role, preferably within a marketing agency, technology/software company or professional services firm| Willing to shift regular work schedule to support clients in various time zones| Proven track record managing client and internal relationships| Strong communication skills in English in both written and spoken is required"
,,,,,,"2+ years’ experience in similar role, preferably within a marketing agency, technology/software company or professional services firm| Willing to shift regular work schedule to support clients in various time zones| Proven track record managing client and internal relationships| Strong communication skills in English in both written and spoken is required"
DevOps Engineer,Coral Technology,8 days ago,"Coral Technology Nasr City, Cairo, Egypt 8 days ago",Full timeExperienced · 3 - 5 Yrs of Exp · Computer Science · DevOps · AWS · Software Development · Git · #GCP · Jenkins · Engineering · Information Technology (IT) · Java,https://wuzzuf.net/jobs/p/I6KuAyiaMYkM-DevOps-Engineer-Coral-Technology-Cairo-Egypt?o=61&l=sp&t=sj&a=python developer |search-v3|hpb,"2+ years’ experience in similar role, preferably within a marketing agency, technology/software company or professional services firm| Willing to shift regular work schedule to support clients in various time zones| Proven track record managing client and internal relationships| Strong communication skills in English in both written and spoken is required"
,,,,,,"2+ years’ experience in similar role, preferably within a marketing agency, technology/software company or professional services firm| Willing to shift regular work schedule to support clients in various time zones| Proven track record managing client and internal relationships| Strong communication skills in English in both written and spoken is required"
ERPNext Developer,Takamul Systems,1 month ago,"Takamul Systems Giza, Egypt 1 month ago",Full timeEntry Level · 1+ Yrs of Exp · Computer Science · CSS · ERPNext · Python · JavaScript · Jinja · Engineering · HTML · IT · IT/Software Development,https://wuzzuf.net/jobs/p/Yg9FAt50zoYr-ERPNext-Developer-Takamul-Systems-Giza-Egypt?o=62&l=sp&t=sj&a=python developer |search-v3|hpb,"2+ years’ experience in similar role, preferably within a marketing agency, technology/software company or professional services firm| Willing to shift regular work schedule to support clients in various time zones| Proven track record managing client and internal relationships| Strong communication skills in English in both written and spoken is required"
,,,,,,"2+ years’ experience in similar role, preferably within a marketing agency, technology/software company or professional services firm| Willing to shift regular work schedule to support clients in various time zones| Proven track record managing client and internal relationships| Strong communication skills in English in both written and spoken is required"
Application Performance Monitoring (APM) System Engineer,Ejada (Cairo),13 days ago,"Ejada (Cairo) Cairo, Egypt 6 days ago",Full timeEntry Level · 1 - 5 Yrs of Exp · AppDynamics · .Net · Java · NodeJS · PHP · Linux · Bash · Perl · Python · Monitoring,https://wuzzuf.net/jobs/p/Rn4kZCv4sDVJ-Application-Performance-Monitoring-APM-System-Engineer-Ejada-Cairo-Cairo-Egypt?o=63&l=sp&t=sj&a=python developer |search-v3|hpb,"2+ years’ experience in similar role, preferably within a marketing agency, technology/software company or professional services firm| Willing to shift regular work schedule to support clients in various time zones| Proven track record managing client and internal relationships| Strong communication skills in English in both written and spoken is required"
,,,,,,"2+ years’ experience in similar role, preferably within a marketing agency, technology/software company or professional services firm| Willing to shift regular work schedule to support clients in various time zones| Proven track record managing client and internal relationships| Strong communication skills in English in both written and spoken is required"
DevOps Engineer (Remote/WFH),Deriv.com,16 days ago,"Deriv.com Cairo, Egypt 13 days ago",Full timeWork from homeExperienced · 3 - 8 Yrs of Exp · AWS · Python · DevOps · Linux · Computer Science · Software Development · Docker · Engineering · Git · Information Technology (IT),https://wuzzuf.net/jobs/p/FGJalh5DLTJE-DevOps-Engineer-RemoteWFH-Deriv-com-Cairo-Egypt?o=64&l=sp&t=sj&a=python developer |search-v3|hpb,"2+ years’ experience in similar role, preferably within a marketing agency, technology/software company or professional services firm| Willing to shift regular work schedule to support clients in various time zones| Proven track record managing client and internal relationships| Strong communication skills in English in both written and spoken is required"
,,,,,,"2+ years’ experience in similar role, preferably within a marketing agency, technology/software company or professional services firm| Willing to shift regular work schedule to support clients in various time zones| Proven track record managing client and internal relationships| Strong communication skills in English in both written and spoken is required"
Computer Science Teacher,iSchool,16 days ago,"iSchool New Cairo, Cairo, Egypt 16 days ago",Full timeWork from homeEntry Level · 0 - 10 Yrs of Exp · Computer Science · Instructor · Training · Teaching · Science · Computer · Programming · Python · Robotics · Software,https://wuzzuf.net/jobs/p/9OT3zg02C2Ql-Computer-Science-Teacher-iSchool-Cairo-Egypt?o=65&l=sp&t=sj&a=python developer |search-v3|hpb,"2+ years’ experience in similar role, preferably within a marketing agency, technology/software company or professional services firm| Willing to shift regular work schedule to support clients in various time zones| Proven track record managing client and internal relationships| Strong communication skills in English in both written and spoken is required"
,,,,,,"2+ years’ experience in similar role, preferably within a marketing agency, technology/software company or professional services firm| Willing to shift regular work schedule to support clients in various time zones| Proven track record managing client and internal relationships| Strong communication skills in English in both written and spoken is required"
Computer Science Instructor,iSchool,19 days ago,"iSchool New Cairo, Cairo, Egypt 16 days ago",Full timeWork from homeEntry Level · 0 - 6 Yrs of Exp · Computer Science · Instructor · Training · Teaching · Science · Computer · Programming · Python · Robotics · Software,https://wuzzuf.net/jobs/p/VFyshoyVBe0S-Computer-Science-Instructor-iSchool-Cairo-Egypt?o=66&l=sp&t=sj&a=python developer |search-v3|hpb,"2+ years’ experience in similar role, preferably within a marketing agency, technology/software company or professional services firm| Willing to shift regular work schedule to support clients in various time zones| Proven track record managing client and internal relationships| Strong communication skills in English in both written and spoken is required"
,,,,,,"2+ years’ experience in similar role, preferably within a marketing agency, technology/software company or professional services firm| Willing to shift regular work schedule to support clients in various time zones| Proven track record managing client and internal relationships| Strong communication skills in English in both written and spoken is required"
Test Automation Engineer,AFKAR Technology,18 days ago,"AFKAR Technology Smart Village, Giza, Egypt 19 days ago",Full timeExperienced · 5 - 7 Yrs of Exp · Automation · Java · RPA · C# · Software Testing · Selenium · Testing · Programming · Computer Science · Information Technology (IT),https://wuzzuf.net/jobs/p/Gcn79PJIQEyl-Test-Automation-Engineer-AFKAR-Technology-Giza-Egypt?o=67&l=sp&t=sj&a=python developer |search-v3|hpb,"2+ years’ experience in similar role, preferably within a marketing agency, technology/software company or professional services firm| Willing to shift regular work schedule to support clients in various time zones| Proven track record managing client and internal relationships| Strong communication skills in English in both written and spoken is required"
,,,,,,"2+ years’ experience in similar role, preferably within a marketing agency, technology/software company or professional services firm| Willing to shift regular work schedule to support clients in various time zones| Proven track record managing client and internal relationships| Strong communication skills in English in both written and spoken is required"
SRE/DevOps Engineer,Agolo,18 days ago,"Agolo Maadi, Cairo, Egypt 18 days ago",Full timeEntry Level · 1 - 3 Yrs of Exp · Information Technology (IT) · DevOps · GIT · Linux · Microsoft Azure · Engineering · Telecommunication · Azure · AWS · Docker,https://wuzzuf.net/jobs/p/q6aJS0uAHMuZ-SREDevOps-Engineer-Agolo-Cairo-Egypt?o=68&l=sp&t=sj&a=python developer |search-v3|hpb,"2+ years’ experience in similar role, preferably within a marketing agency, technology/software company or professional services firm| Willing to shift regular work schedule to support clients in various time zones| Proven track record managing client and internal relationships| Strong communication skills in English in both written and spoken is required"
,,,,,,"2+ years’ experience in similar role, preferably within a marketing agency, technology/software company or professional services firm| Willing to shift regular work schedule to support clients in various time zones| Proven track record managing client and internal relationships| Strong communication skills in English in both written and spoken is required"
Data Engineer,Ashtar.app,19 days ago,"Ashtar.app Maadi, Cairo, Egypt 18 days ago",Full timeExperienced · 3 - 6 Yrs of Exp · Computer Science · Information Technology (IT) · Software Development · SQL · Analysis · Python · Big Data · BI · ETL · Data,https://wuzzuf.net/jobs/p/1HJTFikyve6F-Data-Engineer-Ashtar-app-Cairo-Egypt?o=69&l=sp&t=sj&a=python developer |search-v3|hpb,"2+ years’ experience in similar role, preferably within a marketing agency, technology/software company or professional services firm| Willing to shift regular work schedule to support clients in various time zones| Proven track record managing client and internal relationships| Strong communication skills in English in both written and spoken is required"
,,,,,,"2+ years’ experience in similar role, preferably within a marketing agency, technology/software company or professional services firm| Willing to shift regular work schedule to support clients in various time zones| Proven track record managing client and internal relationships| Strong communication skills in English in both written and spoken is required"
DevOps Engineer,Beyond Solution,1 month ago,"Beyond Solution Maadi, Cairo, Egypt 19 days ago",Full timeExperienced · 2 - 4 Yrs of Exp · CI/CD · Computer Science · Docker · HTTP · Information Technology (IT) · Kubernetes · Linux · DevOps · Python · Software Development,https://wuzzuf.net/jobs/p/aLt3DoiXen5U-DevOps-Engineer-Beyond-Solution-Cairo-Egypt?o=70&l=sp&t=sj&a=python developer |search-v3|hpb,"2+ years’ experience in similar role, preferably within a marketing agency, technology/software company or professional services firm| Willing to shift regular work schedule to support clients in various time zones| Proven track record managing client and internal relationships| Strong communication skills in English in both written and spoken is required"
,,,,,,"2+ years’ experience in similar role, preferably within a marketing agency, technology/software company or professional services firm| Willing to shift regular work schedule to support clients in various time zones| Proven track record managing client and internal relationships| Strong communication skills in English in both written and spoken is required"
Python (GCP AppEngine) Engineer,camelCase,21 days ago,"camelCase Mohandessin, Giza, Egypt 1 month ago",Full timeExperienced · 3+ Yrs of Exp · Python · Google Cloud · App Engine · Scalability · TDD · GCP · Kubernetes · Lambda · Event Driven · Computer Science,https://wuzzuf.net/jobs/p/TcKtJ0ZFHMYY-Python-GCP-AppEngine-Engineer-camelCase-Giza-Egypt?o=71&l=sp&t=sj&a=python developer |search-v3|hpb,"2+ years’ experience in similar role, preferably within a marketing agency, technology/software company or professional services firm| Willing to shift regular work schedule to support clients in various time zones| Proven track record managing client and internal relationships| Strong communication skills in English in both written and spoken is required"
,,,,,,"2+ years’ experience in similar role, preferably within a marketing agency, technology/software company or professional services firm| Willing to shift regular work schedule to support clients in various time zones| Proven track record managing client and internal relationships| Strong communication skills in English in both written and spoken is required"
Linux Engineer,ExaServe LLC,22 days ago,"ExaServe LLC Nasr City, Cairo, Egypt 21 days ago",Full timeExperienced · 3+ Yrs of Exp · Python · DevOps · Ansible · Linux · Bash · Docker · AWS · Cloud · Automation · Software Development,https://wuzzuf.net/jobs/p/KImaB0d290Z7-Linux-Engineer-ExaServe-LLC-Cairo-Egypt?o=72&l=sp&t=sj&a=python developer |search-v3|hpb,"2+ years’ experience in similar role, preferably within a marketing agency, technology/software company or professional services firm| Willing to shift regular work schedule to support clients in various time zones| Proven track record managing client and internal relationships| Strong communication skills in English in both written and spoken is required"
,,,,,,"2+ years’ experience in similar role, preferably within a marketing agency, technology/software company or professional services firm| Willing to shift regular work schedule to support clients in various time zones| Proven track record managing client and internal relationships| Strong communication skills in English in both written and spoken is required"
DevOps Engineer,Confidential -,23 days ago,"Confidential - Cairo, Egypt 22 days ago",Full timeWork from homeExperienced · 2+ Yrs of Exp · Software Development · DevOps · Azure · CI/CD · Cloud · Computer Science · Information Technology (IT) · Jenkins · Kubernetes · Linux,https://wuzzuf.net/jobs/p/NfwodYCo5nZC-DevOps-Engineer-Cairo-Egypt?o=73&l=sp&t=sj&a=python developer |search-v3|hpb,"2+ years’ experience in similar role, preferably within a marketing agency, technology/software company or professional services firm| Willing to shift regular work schedule to support clients in various time zones| Proven track record managing client and internal relationships| Strong communication skills in English in both written and spoken is required"
,,,,,,"2+ years’ experience in similar role, preferably within a marketing agency, technology/software company or professional services firm| Willing to shift regular work schedule to support clients in various time zones| Proven track record managing client and internal relationships| Strong communication skills in English in both written and spoken is required"
Devops Engineer,QOAD ,22 days ago,"QOAD  Sheraton, Cairo, Egypt 23 days ago",Full timeExperienced · 4+ Yrs of Exp · DevOps · Python · Agile · Computer Engineering · Computer Science · Engineering · Git · Information Technology (IT) · JavaScript · Software Development,https://wuzzuf.net/jobs/p/kfy3hud3A3Hk-Devops-Engineer-QOAD-Cairo-Egypt?o=74&l=sp&t=sj&a=python developer |search-v3|hpb,"2+ years’ experience in similar role, preferably within a marketing agency, technology/software company or professional services firm| Willing to shift regular work schedule to support clients in various time zones| Proven track record managing client and internal relationships| Strong communication skills in English in both written and spoken is required"
,,,,,,"2+ years’ experience in similar role, preferably within a marketing agency, technology/software company or professional services firm| Willing to shift regular work schedule to support clients in various time zones| Proven track record managing client and internal relationships| Strong communication skills in English in both written and spoken is required"
Software Support Engineer,Trufla,6 days ago,"Trufla Heliopolis, Cairo, Egypt 22 days ago",Full timeExperienced · 2+ Yrs of Exp · Technical Support · Software · Technical Office · Computer Science · MySQL · Git · PHP · Javascript · Linux · CI/CD,https://wuzzuf.net/jobs/p/LMBvlEWgc2a0-Software-Support-Engineer-Trufla-Cairo-Egypt?o=75&l=sp&t=sj&a=python developer |search-v3|hpb,"2+ years’ experience in similar role, preferably within a marketing agency, technology/software company or professional services firm| Willing to shift regular work schedule to support clients in various time zones| Proven track record managing client and internal relationships| Strong communication skills in English in both written and spoken is required"
